date,region,zone,indice_global,var_annuelle_pct
2018-01-01,Dakar,Ouest,81.06897000000001,
2018-02-01,Dakar,Ouest,81.31521,
2018-03-01,Dakar,Ouest,81.77072,
2018-04-01,Dakar,Ouest,82.54884,
2018-05-01,Dakar,Ouest,83.179,
2018-06-01,Dakar,Ouest,83.64095999999999,
2018-07-01,Dakar,Ouest,83.68381,
2018-08-01,Dakar,Ouest,83.437345,
2018-09-01,Dakar,Ouest,82.9255,
2018-10-01,Dakar,Ouest,82.29767,
2018-11-01,Dakar,Ouest,81.66139,
2018-12-01,Dakar,Ouest,81.302795,
2019-01-01,Dakar,Ouest,81.73096,0.8165763053360475
2019-02-01,Dakar,Ouest,82.00197999999999,0.8445775396755284
2019-03-01,Dakar,Ouest,82.45958,0.8424286835190031
2019-04-01,Dakar,Ouest,83.123805,0.6965149358852285
2019-05-01,Dakar,Ouest,83.83006,0.7827216004039572
2019-06-01,Dakar,Ouest,84.278915,0.7627303656007944
2019-07-01,Dakar,Ouest,84.62326999999999,1.1226305303259965
2019-08-01,Dakar,Ouest,84.29079,1.022857330851079
2019-09-01,Dakar,Ouest,83.86399,1.1317266703245732
2019-10-01,Dakar,Ouest,83.078485,0.9487692664932101
2019-11-01,Dakar,Ouest,82.48676999999999,1.010734693592652
2019-12-01,Dakar,Ouest,82.03073,0.895338222997144
2020-01-01,Dakar,Ouest,82.90225,1.4331044196715714
2020-02-01,Dakar,Ouest,83.37680999999999,1.6765814679108981
2020-03-01,Dakar,Ouest,84.07715999999999,1.9616641268364265
2020-04-01,Dakar,Ouest,85.12058,2.4021698717954454
2020-05-01,Dakar,Ouest,86.00101,2.589703502538332
2020-06-01,Dakar,Ouest,86.69626,2.8682678223847624
2020-07-01,Dakar,Ouest,86.85641,2.6389195312353175
2020-08-01,Dakar,Ouest,86.6274,2.7720822168115777
2020-09-01,Dakar,Ouest,86.18078,2.7625563725265145
2020-10-01,Dakar,Ouest,85.30205000000001,2.67646310594134
2020-11-01,Dakar,Ouest,84.54196,2.491538946184968
2020-12-01,Dakar,Ouest,84.01991000000001,2.4249205145437713
2021-01-01,Dakar,Ouest,84.51121,1.940791715544532
2021-02-01,Dakar,Ouest,84.92759000000001,1.8599656187374025
2021-03-01,Dakar,Ouest,85.648,1.8683314231831893
2021-04-01,Dakar,Ouest,86.73691,1.8988709898358103
2021-05-01,Dakar,Ouest,87.71394,1.9917556782181878
2021-06-01,Dakar,Ouest,88.49374,2.0733074298706855
2021-07-01,Dakar,Ouest,88.65455,2.0702444413716936
2021-08-01,Dakar,Ouest,88.44034,2.0928020464656916
2021-09-01,Dakar,Ouest,87.93244,2.032541362470841
2021-10-01,Dakar,Ouest,87.44382999999999,2.510818907634671
2021-11-01,Dakar,Ouest,86.82439,2.6997599771758196
2021-12-01,Dakar,Ouest,86.47400999999999,2.920855306795711
2022-01-01,Dakar,Ouest,88.05537,4.1937158395909835
2022-02-01,Dakar,Ouest,89.47215,5.351099683860094
2022-03-01,Dakar,Ouest,91.04732,6.304081823276664
2022-04-01,Dakar,Ouest,92.96522999999999,7.180703117046705
2022-05-01,Dakar,Ouest,95.06956,8.385919045478985
2022-06-01,Dakar,Ouest,96.54258,9.095377819945227
2022-07-01,Dakar,Ouest,97.62946,10.123462360363899
2022-08-01,Dakar,Ouest,98.12016,10.94502802680315
2022-09-01,Dakar,Ouest,98.30151000000001,11.792087197853274
2022-10-01,Dakar,Ouest,98.25618,12.364908993579093
2022-11-01,Dakar,Ouest,98.03702,12.914147741204985
2022-12-01,Dakar,Ouest,96.59614499999999,11.705407208478015
2023-01-01,Dakar,Ouest,95.80708,8.803222336127824
2023-02-01,Dakar,Ouest,96.72872,8.11042318755053
2023-03-01,Dakar,Ouest,97.84857,7.470016690222181
2023-04-01,Dakar,Ouest,99.18575,6.691232840493178
2023-05-01,Dakar,Ouest,100.62346,5.8419330014780835
2023-06-01,Dakar,Ouest,101.76433999999999,5.408763677125661
2023-07-01,Dakar,Ouest,102.218805,4.70077884277964
2023-08-01,Dakar,Ouest,102.10052999999999,4.056628118013661
2023-09-01,Dakar,Ouest,101.98056,3.74261799233806
2023-10-01,Dakar,Ouest,101.59675,3.3998573931939946
2023-11-01,Dakar,Ouest,101.15503,3.1804414291662475
2023-12-01,Dakar,Ouest,98.98459,2.472609025960626
2024-01-01,Dakar,Ouest,98.04965,2.3407142770659473
2024-02-01,Dakar,Ouest,98.55395,1.8869576688288703
2024-03-01,Dakar,Ouest,99.32428,1.5081569408730289
2024-04-01,Dakar,Ouest,100.35907,1.1829521881923544
2024-05-01,Dakar,Ouest,101.44132,0.8127925634837219
2024-06-01,Dakar,Ouest,102.28032,0.5070341929206412
2024-07-01,Dakar,Ouest,102.62727999999998,0.3996084673460798
2024-08-01,Dakar,Ouest,102.44172999999999,0.33418043961181976
2024-09-01,Dakar,Ouest,102.345755,0.35810256386119566
2024-10-01,Dakar,Ouest,102.01782,0.41445223395433217
2024-11-01,Dakar,Ouest,101.83031999999999,0.6675792592815144
2024-12-01,Dakar,Ouest,99.54618,0.5673509381611819
2025-01-01,Dakar,Ouest,98.87369,0.8404313528911134
2025-02-01,Dakar,Ouest,99.59398,1.055290021353783
2025-03-01,Dakar,Ouest,100.62441,1.3089750059099403
2025-04-01,Dakar,Ouest,101.92054999999999,1.5558932540925108
2025-05-01,Dakar,Ouest,103.31205,1.8441498986803362
2025-06-01,Dakar,Ouest,104.26455,1.9399919749957695
2025-07-01,Dakar,Ouest,104.76926,2.0871448605088494
2025-08-01,Dakar,Ouest,104.77759,2.280184061710022
2025-09-01,Dakar,Ouest,104.64260999999999,2.244211301191723
2025-10-01,Dakar,Ouest,104.49725,2.4303891222141383
2025-11-01,Dakar,Ouest,104.09658,2.22552575696513
2025-12-01,Dakar,Ouest,101.96526,2.4301083175667815
2026-01-01,Dakar,Ouest,99.32496,0.4564105982086897
2026-02-01,Dakar,Ouest,100.44987,0.8593792516375043
2026-03-01,Dakar,Ouest,101.88637999999999,1.2541390304797728
2026-04-01,Dakar,Ouest,103.02629,1.0849038785603282
2026-05-01,Dakar,Ouest,104.35418000000001,1.0087206671438809
2018-01-01,Diourbel,Centre,79.09806999999999,
2018-02-01,Diourbel,Centre,79.23237999999999,
2018-03-01,Diourbel,Centre,79.82408000000001,
2018-04-01,Diourbel,Centre,80.709195,
2018-05-01,Diourbel,Centre,81.40155,
2018-06-01,Diourbel,Centre,81.79099000000001,
2018-07-01,Diourbel,Centre,81.96274,
2018-08-01,Diourbel,Centre,81.774025,
2018-09-01,Diourbel,Centre,81.26895,
2018-10-01,Diourbel,Centre,80.40007,
2018-11-01,Diourbel,Centre,79.71025,
2018-12-01,Diourbel,Centre,79.33354,
2019-01-01,Diourbel,Centre,79.72637999999999,0.7943430225288761
2019-02-01,Diourbel,Centre,80.0696,1.056663954812409
2019-03-01,Diourbel,Centre,80.5916,0.9615143700998363
2019-04-01,Diourbel,Centre,81.41763,0.8777624408222717
2019-05-01,Diourbel,Centre,82.11707,0.8790004612934332
2019-06-01,Diourbel,Centre,82.67128,1.0762676915880176
2019-07-01,Diourbel,Centre,82.95383,1.2091957882325532
2019-08-01,Diourbel,Centre,82.69569,1.1270877274293545
2019-09-01,Diourbel,Centre,82.11348,1.0391791699043695
2019-10-01,Diourbel,Centre,81.31658999999999,1.1399492562630842
2019-11-01,Diourbel,Centre,80.61775,1.138498499251983
2019-12-01,Diourbel,Centre,80.103895,0.9710331847034626
2020-01-01,Diourbel,Centre,81.14874,1.7840519035230429
2020-02-01,Diourbel,Centre,81.47563,1.75600977149879
2020-03-01,Diourbel,Centre,82.44035,2.2939735654832427
2020-04-01,Diourbel,Centre,83.53778,2.6040428835867546
2020-05-01,Diourbel,Centre,84.55097500000001,2.9639452552313594
2020-06-01,Diourbel,Centre,85.322025,3.2063674349786186
2020-07-01,Diourbel,Centre,85.61561,3.208748770249681
2020-08-01,Diourbel,Centre,85.23161,3.066568523704194
2020-09-01,Diourbel,Centre,84.53558000000001,2.9496983930044296
2020-10-01,Diourbel,Centre,83.71556,2.950160600684315
2020-11-01,Diourbel,Centre,83.0315,2.994067683605639
2020-12-01,Diourbel,Centre,82.27355,2.7085511884284763
2021-01-01,Diourbel,Centre,82.79961,2.0343753951078014
2021-02-01,Diourbel,Centre,83.34009,2.288365244920487
2021-03-01,Diourbel,Centre,84.32862,2.290468199128215
2021-04-01,Diourbel,Centre,85.3424,2.1602441434282804
2021-05-01,Diourbel,Centre,86.38649000000001,2.1708974970424677
2021-06-01,Diourbel,Centre,87.24244,2.250784601045286
2021-07-01,Diourbel,Centre,87.4361,2.1263528928894937
2021-08-01,Diourbel,Centre,87.28791,2.412602554380938
2021-09-01,Diourbel,Centre,86.70102,2.561572298906545
2021-10-01,Diourbel,Centre,86.04374,2.7810600562189425
2021-11-01,Diourbel,Centre,85.38211,2.8309858306787117
2021-12-01,Diourbel,Centre,84.94011,3.241090241031297
2022-01-01,Diourbel,Centre,86.80436,4.836677370823361
2022-02-01,Diourbel,Centre,88.26695,5.911752675093096
2022-03-01,Diourbel,Centre,90.1586,6.913406148470114
2022-04-01,Diourbel,Centre,92.465035,8.345951133317087
2022-05-01,Diourbel,Centre,94.44628,9.329919527926167
2022-06-01,Diourbel,Centre,96.06044,10.107466045195434
2022-07-01,Diourbel,Centre,97.44825999999999,11.450830949687818
2022-08-01,Diourbel,Centre,97.90042,12.158052587122326
2022-09-01,Diourbel,Centre,98.16318,13.220328895784617
2022-10-01,Diourbel,Centre,98.02579,13.9255336878662
2022-11-01,Diourbel,Centre,97.92145,14.686144439391335
2022-12-01,Diourbel,Centre,95.66377,12.624965990743364
2023-01-01,Diourbel,Centre,95.42506,9.9311831801997
2023-02-01,Diourbel,Centre,96.40872999999999,9.224041388084657
2023-03-01,Diourbel,Centre,97.69228,8.356030373142431
2023-04-01,Diourbel,Centre,99.36323999999999,7.460338927033328
2023-05-01,Diourbel,Centre,100.81727,6.745623014479762
2023-06-01,Diourbel,Centre,101.83945,6.0160145008705035
2023-07-01,Diourbel,Centre,102.32619,5.005661465889699
2023-08-01,Diourbel,Centre,102.56988,4.769601601300577
2023-09-01,Diourbel,Centre,102.27735,4.191153954058957
2023-10-01,Diourbel,Centre,101.75252,3.8017852240721517
2023-11-01,Diourbel,Centre,101.32308,3.473835405827841
2023-12-01,Diourbel,Centre,98.69577,3.1694339455783593
2024-01-01,Diourbel,Centre,97.71614,2.4009206805843286
2024-02-01,Diourbel,Centre,98.3539,2.0176284865488947
2024-03-01,Diourbel,Centre,99.367885,1.7151867066671045
2024-04-01,Diourbel,Centre,100.36113,1.0042848844301178
2024-05-01,Diourbel,Centre,101.58528,0.7617841665421121
2024-06-01,Diourbel,Centre,102.46701,0.6162248519606228
2024-07-01,Diourbel,Centre,102.87952,0.5407511019417388
2024-08-01,Diourbel,Centre,102.81136000000001,0.23542973824286495
2024-09-01,Diourbel,Centre,102.42551999999999,0.1448707851738451
2024-10-01,Diourbel,Centre,102.22966,0.46892204733601783
2024-11-01,Diourbel,Centre,101.70669,0.3786008084238901
2024-12-01,Diourbel,Centre,99.37553,0.6887427900912124
2025-01-01,Diourbel,Centre,98.72993,1.0374846980242936
2025-02-01,Diourbel,Centre,99.50686999999999,1.1722666818499317
2025-03-01,Diourbel,Centre,100.84204,1.4835326322986564
2025-04-01,Diourbel,Centre,102.28934,1.9212717114683642
2025-05-01,Diourbel,Centre,103.61258,1.9956631511967027
2025-06-01,Diourbel,Centre,104.74392,2.2220907978089732
2025-07-01,Diourbel,Centre,105.233115,2.2877196549906165
2025-08-01,Diourbel,Centre,105.23044,2.352930648908824
2025-09-01,Diourbel,Centre,105.25497,2.7624463122081444
2025-10-01,Diourbel,Centre,104.90839,2.6203060833812852
2025-11-01,Diourbel,Centre,104.60082,2.845565026253438
2025-12-01,Diourbel,Centre,102.19691,2.8391093863851635
2026-01-01,Diourbel,Centre,99.27584999999999,0.552942760113373
2026-02-01,Diourbel,Centre,100.48195,0.9799122412352146
2026-03-01,Diourbel,Centre,102.17721,1.3240212117882733
2026-04-01,Diourbel,Centre,103.44933999999999,1.1340380141273698
2026-05-01,Diourbel,Centre,104.72236999999998,1.0710958070921484
2018-01-01,Kaolack,Centre-Sud,79.33603,
2018-02-01,Kaolack,Centre-Sud,79.51274,
2018-03-01,Kaolack,Centre-Sud,80.12478,
2018-04-01,Kaolack,Centre-Sud,80.90441,
2018-05-01,Kaolack,Centre-Sud,81.51142999999999,
2018-06-01,Kaolack,Centre-Sud,82.02864,
2018-07-01,Kaolack,Centre-Sud,82.10316999999999,
2018-08-01,Kaolack,Centre-Sud,81.88236,
2018-09-01,Kaolack,Centre-Sud,81.36200000000001,
2018-10-01,Kaolack,Centre-Sud,80.66105999999999,
2018-11-01,Kaolack,Centre-Sud,79.90344,
2018-12-01,Kaolack,Centre-Sud,79.49614,
2019-01-01,Kaolack,Centre-Sud,79.95567,0.7810322749953524
2019-02-01,Kaolack,Centre-Sud,80.15433,0.8069021392043796
2019-03-01,Kaolack,Centre-Sud,80.766895,0.8013937760577905
2019-04-01,Kaolack,Centre-Sud,81.60083,0.8607936205208055
2019-05-01,Kaolack,Centre-Sud,82.32236,0.994866609504963
2019-06-01,Kaolack,Centre-Sud,82.94552,1.1177559447529628
2019-07-01,Kaolack,Centre-Sud,83.11607,1.2336917076405163
2019-08-01,Kaolack,Centre-Sud,82.76266,1.07507893030927
2019-09-01,Kaolack,Centre-Sud,82.23841999999999,1.077185909884193
2019-10-01,Kaolack,Centre-Sud,81.63569,1.2083029903152909
2019-11-01,Kaolack,Centre-Sud,80.83086,1.1606759358545826
2019-12-01,Kaolack,Centre-Sud,80.24975,0.9479831347786405
2020-01-01,Kaolack,Centre-Sud,81.28461,1.6620960089509529
2020-02-01,Kaolack,Centre-Sud,81.75371,1.995375670908861
2020-03-01,Kaolack,Centre-Sud,82.57136,2.234164133708494
2020-04-01,Kaolack,Centre-Sud,83.71273,2.588086420199387
2020-05-01,Kaolack,Centre-Sud,84.64204,2.8178006558606805
2020-06-01,Kaolack,Centre-Sud,85.4906,3.0683754830881815
2020-07-01,Kaolack,Centre-Sud,85.6979,3.1062946070477215
2020-08-01,Kaolack,Centre-Sud,85.34763,3.1233529710137375
2020-09-01,Kaolack,Centre-Sud,84.68225,2.971640262543951
2020-10-01,Kaolack,Centre-Sud,83.76182,2.6044123593492063
2020-11-01,Kaolack,Centre-Sud,83.0019,2.68590486356326
2020-12-01,Kaolack,Centre-Sud,82.46647999999999,2.7622889790933636
2021-01-01,Kaolack,Centre-Sud,83.010175,2.1228680312300297
2021-02-01,Kaolack,Centre-Sud,83.39139,2.0031873782853538
2021-03-01,Kaolack,Centre-Sud,84.46481,2.293107440642861
2021-04-01,Kaolack,Centre-Sud,85.51493,2.1528386423427026
2021-05-01,Kaolack,Centre-Sud,86.51445,2.2121513139333526
2021-06-01,Kaolack,Centre-Sud,87.336,2.1585998928537187
2021-07-01,Kaolack,Centre-Sud,87.6104,2.2316766221809337
2021-08-01,Kaolack,Centre-Sud,87.305165,2.293602060186095
2021-09-01,Kaolack,Centre-Sud,86.95161,2.6798532159927335
2021-10-01,Kaolack,Centre-Sud,86.1501,2.8512751991300878
2021-11-01,Kaolack,Centre-Sud,85.45531,2.955847998660266
2021-12-01,Kaolack,Centre-Sud,84.96056,3.024356077766388
2022-01-01,Kaolack,Centre-Sud,86.89466999999999,4.679540791234316
2022-02-01,Kaolack,Centre-Sud,88.33755,5.931259809915623
2022-03-01,Kaolack,Centre-Sud,90.29674,6.904567712873555
2022-04-01,Kaolack,Centre-Sud,92.33243999999999,7.972303783678458
2022-05-01,Kaolack,Centre-Sud,94.51295999999999,9.245287925889834
2022-06-01,Kaolack,Centre-Sud,96.3607,10.333310433269215
2022-07-01,Kaolack,Centre-Sud,97.40075,11.17487193301252
2022-08-01,Kaolack,Centre-Sud,97.83825,12.064675669532265
2022-09-01,Kaolack,Centre-Sud,98.15198,12.881153091932385
2022-10-01,Kaolack,Centre-Sud,98.14609999999999,13.924534040006908
2022-11-01,Kaolack,Centre-Sud,97.9148,14.580123809743363
2022-12-01,Kaolack,Centre-Sud,95.81875,12.78027122231773
2023-01-01,Kaolack,Centre-Sud,95.61085,10.030741816500388
2023-02-01,Kaolack,Centre-Sud,96.4128,9.141356082436069
2023-03-01,Kaolack,Centre-Sud,97.75495,8.259666960291145
2023-04-01,Kaolack,Centre-Sud,99.25923,7.50201121079439
2023-05-01,Kaolack,Centre-Sud,100.75728,6.606839950838483
2023-06-01,Kaolack,Centre-Sud,101.92163,5.770952265809615
2023-07-01,Kaolack,Centre-Sud,102.41695,5.150063012861805
2023-08-01,Kaolack,Centre-Sud,102.40003999999999,4.662583396575459
2023-09-01,Kaolack,Centre-Sud,102.09295,4.0151711661853495
2023-10-01,Kaolack,Centre-Sud,101.84556,3.769339790373749
2023-11-01,Kaolack,Centre-Sud,101.25714,3.4135186917606086
2023-12-01,Kaolack,Centre-Sud,98.77528,3.0855443219620415
2024-01-01,Kaolack,Centre-Sud,97.83873,2.3301539521926706
2024-02-01,Kaolack,Centre-Sud,98.36711,2.0270233827873296
2024-03-01,Kaolack,Centre-Sud,99.22317,1.5019392879848992
2024-04-01,Kaolack,Centre-Sud,100.47739,1.2272511080329673
2024-05-01,Kaolack,Centre-Sud,101.5951,0.8315230423052489
2024-06-01,Kaolack,Centre-Sud,102.54261,0.6092720455903367
2024-07-01,Kaolack,Centre-Sud,102.79191,0.36611127357337736
2024-08-01,Kaolack,Centre-Sud,102.73398999999999,0.32612291948324046
2024-09-01,Kaolack,Centre-Sud,102.64795,0.5436222579521921
2024-10-01,Kaolack,Centre-Sud,102.13706,0.28621768096714906
2024-11-01,Kaolack,Centre-Sud,101.80879999999999,0.5448109634540232
2024-12-01,Kaolack,Centre-Sud,99.30883,0.5401655150965023
2025-01-01,Kaolack,Centre-Sud,99.25508500000001,1.4476424622437367
2025-02-01,Kaolack,Centre-Sud,99.66149999999999,1.3158768210227878
2025-03-01,Kaolack,Centre-Sud,100.84623,1.6357671297943854
2025-04-01,Kaolack,Centre-Sud,102.08508,1.6000515140769611
2025-05-01,Kaolack,Centre-Sud,103.52095,1.8956130758274625
2025-06-01,Kaolack,Centre-Sud,104.61668999999999,2.0226518517521663
2025-07-01,Kaolack,Centre-Sud,105.29491,2.435016529997358
2025-08-01,Kaolack,Centre-Sud,105.250505,2.4495446930465903
2025-09-01,Kaolack,Centre-Sud,105.27105,2.5554334012515723
2025-10-01,Kaolack,Centre-Sud,105.04284,2.8449810480152715
2025-11-01,Kaolack,Centre-Sud,104.60081,2.7424053716378127
2025-12-01,Kaolack,Centre-Sud,102.15976500000001,2.870776949038678
2026-01-01,Kaolack,Centre-Sud,99.19181,-0.06374988243675883
2026-02-01,Kaolack,Centre-Sud,100.61508,0.9568188317454762
2026-03-01,Kaolack,Centre-Sud,102.22166999999999,1.363898283555054
2026-04-01,Kaolack,Centre-Sud,103.46449999999999,1.3512454513431083
2026-05-01,Kaolack,Centre-Sud,104.53491,0.9794732370597359
2018-01-01,Kolda,Sud,77.72748,
2018-02-01,Kolda,Sud,77.84248,
2018-03-01,Kolda,Sud,78.59651,
2018-04-01,Kolda,Sud,79.25802,
2018-05-01,Kolda,Sud,80.14597,
2018-06-01,Kolda,Sud,80.57016,
2018-07-01,Kolda,Sud,80.70709000000001,
2018-08-01,Kolda,Sud,80.58338499999999,
2018-09-01,Kolda,Sud,79.97054,
2018-10-01,Kolda,Sud,79.14062,
2018-11-01,Kolda,Sud,78.43096,
2018-12-01,Kolda,Sud,77.8698,
2019-01-01,Kolda,Sud,78.47131,0.9569717170812675
2019-02-01,Kolda,Sud,78.68772,1.0858338531865908
2019-03-01,Kolda,Sud,79.41019,1.0352622527387112
2019-04-01,Kolda,Sud,80.275515,1.2837754463207673
2019-05-01,Kolda,Sud,81.04656,1.123687192256817
2019-06-01,Kolda,Sud,81.554,1.2210972399707254
2019-07-01,Kolda,Sud,81.79216,1.3444543719764779
2019-08-01,Kolda,Sud,81.56642000000001,1.2198978734884625
2019-09-01,Kolda,Sud,80.92478999999999,1.1932519150176901
2019-10-01,Kolda,Sud,80.10968,1.2244786558406995
2019-11-01,Kolda,Sud,79.31782,1.1307524477578657
2019-12-01,Kolda,Sud,79.17819999999999,1.6802406067564002
2020-01-01,Kolda,Sud,79.806,1.7008636659691323
2020-02-01,Kolda,Sud,80.39835,2.1739478536167978
2020-03-01,Kolda,Sud,81.34033,2.4305948644625985
2020-04-01,Kolda,Sud,82.43201,2.6863670697098607
2020-05-01,Kolda,Sud,83.54439,3.081969179197741
2020-06-01,Kolda,Sud,84.41068,3.5028079554650926
2020-07-01,Kolda,Sud,84.56561,3.3908506634376723
2020-08-01,Kolda,Sud,84.12182500000002,3.1329130296511742
2020-09-01,Kolda,Sud,83.55254,3.2471508421585193
2020-10-01,Kolda,Sud,82.57972,3.083322764489882
2020-11-01,Kolda,Sud,81.74331,3.057938304406238
2020-12-01,Kolda,Sud,81.13472,2.471033693617697
2021-01-01,Kolda,Sud,81.7367,2.4192416610280043
2021-02-01,Kolda,Sud,82.17274,2.206998029188423
2021-03-01,Kolda,Sud,83.10908,2.17450556200105
2021-04-01,Kolda,Sud,84.43127,2.425344232173865
2021-05-01,Kolda,Sud,85.58609,2.4438505086936235
2021-06-01,Kolda,Sud,86.40586,2.3636582479847457
2021-07-01,Kolda,Sud,86.57498,2.376107734574351
2021-08-01,Kolda,Sud,86.38896,2.695061596678361
2021-09-01,Kolda,Sud,85.812435,2.7047591850588804
2021-10-01,Kolda,Sud,85.11534999999999,3.0705238525875256
2021-11-01,Kolda,Sud,84.35708,3.197533840995681
2021-12-01,Kolda,Sud,83.95918,3.4811976919375542
2022-01-01,Kolda,Sud,85.99218499999999,5.206333262781593
2022-02-01,Kolda,Sud,87.49262,6.474020459826457
2022-03-01,Kolda,Sud,89.59981,7.809892733742219
2022-04-01,Kolda,Sud,91.872325,8.813150625354815
2022-05-01,Kolda,Sud,94.10484,9.953428179742762
2022-06-01,Kolda,Sud,96.05145,11.163120186524388
2022-07-01,Kolda,Sud,97.06045,12.111432194382266
2022-08-01,Kolda,Sud,97.75056000000001,13.151680492507388
2022-09-01,Kolda,Sud,97.94693,14.140718649925276
2022-10-01,Kolda,Sud,97.99243,15.128974973374376
2022-11-01,Kolda,Sud,97.71058,15.829732371011417
2022-12-01,Kolda,Sud,95.41911999999999,13.649418681792724
2023-01-01,Kolda,Sud,95.18747,10.693163570619824
2023-02-01,Kolda,Sud,96.35339,10.127448463653277
2023-03-01,Kolda,Sud,97.60921499999999,8.939087036010452
2023-04-01,Kolda,Sud,99.24578,8.02576292697501
2023-05-01,Kolda,Sud,100.81643,7.132034866644488
2023-06-01,Kolda,Sud,102.07347,6.269577398363069
2023-07-01,Kolda,Sud,102.59280000000001,5.699901453166567
2023-08-01,Kolda,Sud,102.3831,4.7391442054142585
2023-09-01,Kolda,Sud,102.35481999999999,4.500283980314634
2023-10-01,Kolda,Sud,102.13081,4.2231629524852154
2023-11-01,Kolda,Sud,101.29605,3.6694798045411314
2023-12-01,Kolda,Sud,98.6275,3.362407869617745
2024-01-01,Kolda,Sud,97.73692,2.6783462151058313
2024-02-01,Kolda,Sud,98.27914,1.9986323262731087
2024-03-01,Kolda,Sud,99.2961,1.7282026087393598
2024-04-01,Kolda,Sud,100.32415,1.0865650912310842
2024-05-01,Kolda,Sud,101.78728,0.9629878780671008
2024-06-01,Kolda,Sud,102.78788,0.6998978284954882
2024-07-01,Kolda,Sud,103.11353,0.5075697319889771
2024-08-01,Kolda,Sud,102.89918999999999,0.50407733307547
2024-09-01,Kolda,Sud,102.71272,0.3496659952115788
2024-10-01,Kolda,Sud,102.24989,0.11659556993623976
2024-11-01,Kolda,Sud,101.99306,0.6880919838434085
2024-12-01,Kolda,Sud,99.27663,0.6581632911713209
2025-01-01,Kolda,Sud,98.79169,1.0791930009662831
2025-02-01,Kolda,Sud,99.519195,1.2617682653714768
2025-03-01,Kolda,Sud,100.82473,1.5394663033089895
2025-04-01,Kolda,Sud,102.36016,2.029431597476772
2025-05-01,Kolda,Sud,103.80194,1.9792846414601106
2025-06-01,Kolda,Sud,104.92766999999999,2.081753218375537
2025-07-01,Kolda,Sud,105.52833,2.34188471677772
2025-08-01,Kolda,Sud,105.56931,2.594889230906494
2025-09-01,Kolda,Sud,105.51714,2.730353163658794
2025-10-01,Kolda,Sud,105.37217,3.0535778571497696
2025-11-01,Kolda,Sud,105.07661,3.0232939378424417
2025-12-01,Kolda,Sud,102.36558,3.111457349025648
2026-01-01,Kolda,Sud,99.2868,0.5011656344779514
2026-02-01,Kolda,Sud,100.48091000000001,0.9663613135134419
2026-03-01,Kolda,Sud,102.33835,1.5012388329728177
2026-04-01,Kolda,Sud,103.62841,1.2390074419579067
2026-05-01,Kolda,Sud,103.96138,0.15360021209622765
2018-01-01,Saint-Louis,Nord,79.43692,
2018-02-01,Saint-Louis,Nord,79.72364,
2018-03-01,Saint-Louis,Nord,80.34895,
2018-04-01,Saint-Louis,Nord,81.04353,
2018-05-01,Saint-Louis,Nord,81.73487,
2018-06-01,Saint-Louis,Nord,82.19751000000001,
2018-07-01,Saint-Louis,Nord,82.31472,
2018-08-01,Saint-Louis,Nord,82.10267999999999,
2018-09-01,Saint-Louis,Nord,81.51864,
2018-10-01,Saint-Louis,Nord,80.81967999999999,
2018-11-01,Saint-Louis,Nord,80.23988,
2018-12-01,Saint-Louis,Nord,79.70562,
2019-01-01,Saint-Louis,Nord,80.11755,0.8568182150063164
2019-02-01,Saint-Louis,Nord,80.4407,0.8994320881485107
2019-03-01,Saint-Louis,Nord,80.9916,0.7998237686989151
2019-04-01,Saint-Louis,Nord,81.81385,0.9505015391111371
2019-05-01,Saint-Louis,Nord,82.54446,0.9905074786318302
2019-06-01,Saint-Louis,Nord,83.13219,1.137114737417222
2019-07-01,Saint-Louis,Nord,83.23177999999999,1.114089922191308
2019-08-01,Saint-Louis,Nord,83.05973,1.1656744944257724
2019-09-01,Saint-Louis,Nord,82.44972,1.1421682206670614
2019-10-01,Saint-Louis,Nord,81.77049,1.1764585061460275
2019-11-01,Saint-Louis,Nord,80.89311000000001,0.8140964318491095
2019-12-01,Saint-Louis,Nord,80.57243,1.0875142806743066
2020-01-01,Saint-Louis,Nord,81.48067,1.7014000053671152
2020-02-01,Saint-Louis,Nord,82.06058999999999,2.0137691491993293
2020-03-01,Saint-Louis,Nord,82.73143,2.1481610438613297
2020-04-01,Saint-Louis,Nord,83.78560999999999,2.4100564879907083
2020-05-01,Saint-Louis,Nord,84.91351,2.8700290728172373
2020-06-01,Saint-Louis,Nord,85.65478,3.0344322698584225
2020-07-01,Saint-Louis,Nord,85.74687999999999,3.021802489385661
2020-08-01,Saint-Louis,Nord,85.60082,3.059352588793618
2020-09-01,Saint-Louis,Nord,84.85745,2.920240359821724
2020-10-01,Saint-Louis,Nord,84.08951,2.8360108885247204
2020-11-01,Saint-Louis,Nord,83.19094,2.8405756683109296
2020-12-01,Saint-Louis,Nord,82.6371,2.5625018384080045
2021-01-01,Saint-Louis,Nord,83.19292,2.10141865549216
2021-02-01,Saint-Louis,Nord,83.59518,1.8700694206561286
2021-03-01,Saint-Louis,Nord,84.5147,2.1554927794672496
2021-04-01,Saint-Louis,Nord,85.55953,2.117213206420532
2021-05-01,Saint-Louis,Nord,86.71415,2.1205577298594847
2021-06-01,Saint-Louis,Nord,87.37518999999999,2.008539394999298
2021-07-01,Saint-Louis,Nord,87.56749,2.1232376035139833
2021-08-01,Saint-Louis,Nord,87.59582,2.330585150936648
2021-09-01,Saint-Louis,Nord,87.02532,2.5547197093478413
2021-10-01,Saint-Louis,Nord,86.32888,2.6630789024695067
2021-11-01,Saint-Louis,Nord,85.57353,2.8640017771166093
2021-12-01,Saint-Louis,Nord,85.15053,3.0415273527265585
2022-01-01,Saint-Louis,Nord,87.06314,4.652102606808373
2022-02-01,Saint-Louis,Nord,88.59715499999999,5.983568669868267
2022-03-01,Saint-Louis,Nord,90.35495,6.910336308358178
2022-04-01,Saint-Louis,Nord,92.56192,8.184231493557759
2022-05-01,Saint-Louis,Nord,94.57091,9.060528183693206
2022-06-01,Saint-Louis,Nord,96.28220499999999,10.193986416510237
2022-07-01,Saint-Louis,Nord,97.458525,11.295327752342788
2022-08-01,Saint-Louis,Nord,97.96539,11.83797354713958
2022-09-01,Saint-Louis,Nord,98.12371,12.753058535148165
2022-10-01,Saint-Louis,Nord,98.07526,13.606547426539063
2022-11-01,Saint-Louis,Nord,97.9794,14.497321776956017
2022-12-01,Saint-Louis,Nord,95.91278,12.639087507734814
2023-01-01,Saint-Louis,Nord,95.57554999999999,9.777283474958498
2023-02-01,Saint-Louis,Nord,96.48640999999999,8.904636949121002
2023-03-01,Saint-Louis,Nord,97.77523,8.2123668930147
2023-04-01,Saint-Louis,Nord,99.19118,7.1619733039245626
2023-05-01,Saint-Louis,Nord,100.75222,6.536164239087894
2023-06-01,Saint-Louis,Nord,101.9135,5.848739130974412
2023-07-01,Saint-Louis,Nord,102.50507,5.178146293513075
2023-08-01,Saint-Louis,Nord,102.37693,4.503161779889808
2023-09-01,Saint-Louis,Nord,102.18014,4.133995748835817
2023-10-01,Saint-Louis,Nord,101.77352,3.770838843557489
2023-11-01,Saint-Louis,Nord,101.37401,3.464616031533163
2023-12-01,Saint-Louis,Nord,98.72971,2.9369704433548804
2024-01-01,Saint-Louis,Nord,97.89759999999998,2.4295439576335065
2024-02-01,Saint-Louis,Nord,98.36458,1.946564288172814
2024-03-01,Saint-Louis,Nord,99.25861,1.5171327134694712
2024-04-01,Saint-Louis,Nord,100.4365,1.2554745290861424
2024-05-01,Saint-Louis,Nord,101.71876,0.9593237747019367
2024-06-01,Saint-Louis,Nord,102.47326,0.5492500993489635
2024-07-01,Saint-Louis,Nord,102.95687,0.4407586863752089
2024-08-01,Saint-Louis,Nord,102.71812999999999,0.3332782102373866
2024-09-01,Saint-Louis,Nord,102.46682,0.2805633266895091
2024-10-01,Saint-Louis,Nord,102.29953,0.5168436740716098
2024-11-01,Saint-Louis,Nord,101.66119,0.28328760004661113
2024-12-01,Saint-Louis,Nord,99.22013,0.4967299103785461
2025-01-01,Saint-Louis,Nord,98.94013,1.0649188539862298
2025-02-01,Saint-Louis,Nord,99.55011,1.2052407482449512
2025-03-01,Saint-Louis,Nord,100.74338,1.4958601576225972
2025-04-01,Saint-Louis,Nord,102.07711,1.6334798604093148
2025-05-01,Saint-Louis,Nord,103.59785,1.8473386816748372
2025-06-01,Saint-Louis,Nord,104.54932,2.0259529168877854
2025-07-01,Saint-Louis,Nord,105.14482,2.1251131663190703
2025-08-01,Saint-Louis,Nord,105.28582,2.4997437161287994
2025-09-01,Saint-Louis,Nord,105.02897,2.5004679563589427
2025-10-01,Saint-Louis,Nord,104.91369,2.555397859599151
2025-11-01,Saint-Louis,Nord,104.56013999999999,2.8515798408419
2025-12-01,Saint-Louis,Nord,102.06155,2.863753554848203
2026-01-01,Saint-Louis,Nord,99.23890999999999,0.3019806018043303
2026-02-01,Saint-Louis,Nord,100.49683999999999,0.951008492105121
2026-03-01,Saint-Louis,Nord,102.15599,1.4021864265423734
2026-04-01,Saint-Louis,Nord,103.39811,1.2941197100897472
2026-05-01,Saint-Louis,Nord,104.49865,0.8695161144753438
2018-01-01,Thiès,Centre-Ouest,80.11649,
2018-02-01,Thiès,Centre-Ouest,80.333195,
2018-03-01,Thiès,Centre-Ouest,80.81035,
2018-04-01,Thiès,Centre-Ouest,81.53462,
2018-05-01,Thiès,Centre-Ouest,82.21236,
2018-06-01,Thiès,Centre-Ouest,82.75389,
2018-07-01,Thiès,Centre-Ouest,82.715505,
2018-08-01,Thiès,Centre-Ouest,82.675045,
2018-09-01,Thiès,Centre-Ouest,82.05375,
2018-10-01,Thiès,Centre-Ouest,81.38665,
2018-11-01,Thiès,Centre-Ouest,80.63894,
2018-12-01,Thiès,Centre-Ouest,80.30521,
2019-01-01,Thiès,Centre-Ouest,80.75148,0.7925833994974152
2019-02-01,Thiès,Centre-Ouest,81.06317999999999,0.9086965855148454
2019-03-01,Thiès,Centre-Ouest,81.4596,0.8034243138409725
2019-04-01,Thiès,Centre-Ouest,82.36997,1.0245341181451373
2019-05-01,Thiès,Centre-Ouest,83.03838,1.0047394333406734
2019-06-01,Thiès,Centre-Ouest,83.49293,0.8930577160783715
2019-07-01,Thiès,Centre-Ouest,83.727005,1.2228662570578752
2019-08-01,Thiès,Centre-Ouest,83.51982,1.0218016815110254
2019-09-01,Thiès,Centre-Ouest,82.96246,1.1074570022698627
2019-10-01,Thiès,Centre-Ouest,82.24126,1.0500616501600613
2019-11-01,Thiès,Centre-Ouest,81.54240999999999,1.1203892313068398
2019-12-01,Thiès,Centre-Ouest,81.09532,0.9838838600882749
2020-01-01,Thiès,Centre-Ouest,82.07647,1.6408244158497176
2020-02-01,Thiès,Centre-Ouest,82.33941,1.5743645882138058
2020-03-01,Thiès,Centre-Ouest,83.28644,2.242633158031726
2020-04-01,Thiès,Centre-Ouest,84.24897999999999,2.281183300176015
2020-05-01,Thiès,Centre-Ouest,85.18391,2.583781138312169
2020-06-01,Thiès,Centre-Ouest,86.06018,3.074811244497
2020-07-01,Thiès,Centre-Ouest,86.29173,3.063199262890137
2020-08-01,Thiès,Centre-Ouest,85.89223999999999,2.840547309608654
2020-09-01,Thiès,Centre-Ouest,85.29631,2.813139822517341
2020-10-01,Thiès,Centre-Ouest,84.43311,2.6651464240698752
2020-11-01,Thiès,Centre-Ouest,83.64844,2.5827419130732165
2020-12-01,Thiès,Centre-Ouest,83.18661,2.5788047941607495
2021-01-01,Thiès,Centre-Ouest,83.61006,1.8684892271804587
2021-02-01,Thiès,Centre-Ouest,84.16068,2.211905574742401
2021-03-01,Thiès,Centre-Ouest,84.90696,1.9457188949365545
2021-04-01,Thiès,Centre-Ouest,86.06944,2.160809543332176
2021-05-01,Thiès,Centre-Ouest,87.08561999999999,2.2324755931020235
2021-06-01,Thiès,Centre-Ouest,87.79525,2.0161124459651347
2021-07-01,Thiès,Centre-Ouest,88.02688,2.0107952407490304
2021-08-01,Thiès,Centre-Ouest,87.85069,2.2801244908736917
2021-09-01,Thiès,Centre-Ouest,87.44494,2.5190187008089726
2021-10-01,Thiès,Centre-Ouest,86.735035,2.7263297538133946
2021-11-01,Thiès,Centre-Ouest,86.08756,2.9159180972173626
2021-12-01,Thiès,Centre-Ouest,85.61138,2.9148561288889985
2022-01-01,Thiès,Centre-Ouest,87.39502,4.526919368315241
2022-02-01,Thiès,Centre-Ouest,88.95531,5.696995318954179
2022-03-01,Thiès,Centre-Ouest,90.69283,6.814364805900475
2022-04-01,Thiès,Centre-Ouest,92.73467,7.744014600304117
2022-05-01,Thiès,Centre-Ouest,94.632965,8.666580085208109
2022-06-01,Thiès,Centre-Ouest,96.46253,9.872151397712292
2022-07-01,Thiès,Centre-Ouest,97.39259999999999,10.63961371799158
2022-08-01,Thiès,Centre-Ouest,98.12731000000001,11.69782502562018
2022-09-01,Thiès,Centre-Ouest,98.13044000000001,12.219689326792382
2022-10-01,Thiès,Centre-Ouest,98.24546000000001,13.270790747937111
2022-11-01,Thiès,Centre-Ouest,97.98788499999999,13.823512944262784
2022-12-01,Thiès,Centre-Ouest,95.81983,11.924174099284457
2023-01-01,Thiès,Centre-Ouest,95.85840499999999,9.684058656889128
2023-02-01,Thiès,Centre-Ouest,96.63022,8.627826714335551
2023-03-01,Thiès,Centre-Ouest,97.86775,7.911231791972972
2023-04-01,Thiès,Centre-Ouest,99.2836,7.06200820038505
2023-05-01,Thiès,Centre-Ouest,100.76453,6.479311939555088
2023-06-01,Thiès,Centre-Ouest,101.84632,5.581224129203344
2023-07-01,Thiès,Centre-Ouest,102.32968,5.06925577507944
2023-08-01,Thiès,Centre-Ouest,102.36126999999999,4.3147621187210605
2023-09-01,Thiès,Centre-Ouest,102.09158,4.036606785825048
2023-10-01,Thiès,Centre-Ouest,101.63329,3.44833237077824
2023-11-01,Thiès,Centre-Ouest,101.30236,3.3825355042615746
2023-12-01,Thiès,Centre-Ouest,98.885905,3.1998334791451866
2024-01-01,Thiès,Centre-Ouest,97.96978,2.2025976751856025
2024-02-01,Thiès,Centre-Ouest,98.48378,1.9181990892704226
2024-03-01,Thiès,Centre-Ouest,99.31142,1.475123316925142
2024-04-01,Thiès,Centre-Ouest,100.39406,1.118472738700027
2024-05-01,Thiès,Centre-Ouest,101.488065,0.7180453280534405
2024-06-01,Thiès,Centre-Ouest,102.24989,0.3962538852655628
2024-07-01,Thiès,Centre-Ouest,102.76196999999999,0.42244830629782903
2024-08-01,Thiès,Centre-Ouest,102.68506,0.3163208115725791
2024-09-01,Thiès,Centre-Ouest,102.41728499999999,0.3190321865916834
2024-10-01,Thiès,Centre-Ouest,101.83158,0.19510339574759783
2024-11-01,Thiès,Centre-Ouest,101.58488,0.27888787585994557
2024-12-01,Thiès,Centre-Ouest,99.814135,0.9386878746773908
2025-01-01,Thiès,Centre-Ouest,98.80805,0.8556414028897397
2025-02-01,Thiès,Centre-Ouest,99.64403,1.1781127816174353
2025-03-01,Thiès,Centre-Ouest,100.62492999999999,1.3226172780532064
2025-04-01,Thiès,Centre-Ouest,102.11926,1.718428361199864
2025-05-01,Thiès,Centre-Ouest,103.43548,1.9188610995785504
2025-06-01,Thiès,Centre-Ouest,104.43372000000001,2.135777358782498
2025-07-01,Thiès,Centre-Ouest,105.19716,2.36973853264979
2025-08-01,Thiès,Centre-Ouest,105.21485,2.463639793364303
2025-09-01,Thiès,Centre-Ouest,104.98324,2.5053925223657236
2025-10-01,Thiès,Centre-Ouest,104.75134,2.867244129964397
2025-11-01,Thiès,Centre-Ouest,104.44081,2.8113731098565076
2025-12-01,Thiès,Centre-Ouest,102.13698,2.3271703952551404
2026-01-01,Thiès,Centre-Ouest,99.27116,0.46869662947501833
2026-02-01,Thiès,Centre-Ouest,100.4102,0.7689070785274366
2026-03-01,Thiès,Centre-Ouest,102.23088,1.5959762655238796
2026-04-01,Thiès,Centre-Ouest,103.27225,1.1290622356644686
2026-05-01,Thiès,Centre-Ouest,104.64141,1.1658765444893637
